overall_rank,pos_rank,name,position,team,tier,value_tier,ppg,season_value,vorp,ecr,composite_adp,room_adp,gap,gap_z,p_avail_next,vona,flags,depth_rank,e_games
1,1,Jahmyr Gibbs,RB,DET,1,1,18.58,288.3,168.1,2.43,1.57,1.0,0.0,0.0,0.0,54.37,new_play_caller,1,14.6
2,2,Bijan Robinson,RB,ATL,1,2,17.60,273.9,153.8,4.19,2.2,2.0,0.0,0.0,0.0,40.05,new_play_caller|qb_uncertain_team,1,14.6
3,1,Ja'Marr Chase,WR,CIN,1,1,16.76,264.1,139.8,1.49,3.53,3.0,0.0,0.0,0.0,36.68,"",1,14.8
4,2,Puka Nacua,WR,LA,1,1,16.63,262.1,137.9,3.43,4.67,4.0,0.0,0.0,0.0,34.72,"",1,14.76
5,3,Jonathan Taylor,RB,IND,2,3,15.80,247.6,127.4,11.82,5.73,6.0,1.0,0.588,0.0093,13.72,qb_uncertain_team,1,14.33
6,4,James Cook,RB,BUF,2,4,15.45,242.6,122.4,14.97,9.3,9.0,3.0,1.667,0.2893,8.68,"",1,14.6
7,5,Christian McCaffrey,RB,SF,2,5,15.01,236.2,116.0,9.58,5.67,5.0,-2.0,-1.25,0.0009,2.27,injury_prone,1,13.93
8,3,Amon-Ra St. Brown,WR,DET,1,2,15.02,238.4,114.1,5.4,7.6,8.0,0.0,0.0,0.1056,10.93,new_play_caller,1,14.8
9,4,CeeDee Lamb,WR,DAL,1,2,14.94,237.2,112.9,9.03,11.6,10.0,1.0,0.455,0.5,9.79,"",1,14.8
10,6,De'Von Achane,RB,MIA,3,6,14.61,230.3,110.1,21.49,13.27,13.0,3.0,1.2,0.8849,-3.64,new_play_caller,1,14.6
11,7,Derrick Henry,RB,BAL,4,6,14.56,229.6,109.4,37.64,13.7,14.0,3.0,2.0,0.9962,-4.32,new_play_caller,1,14.6
12,8,Saquon Barkley,RB,PHI,3,7,13.95,220.6,100.4,23.6,12.8,11.0,-1.0,-0.312,0.6227,-13.29,new_play_caller,1,14.6
13,9,Chase Brown,RB,CIN,2,7,13.77,218.0,97.8,17.05,15.57,15.0,2.0,0.769,0.9728,-15.86,injury_prone,1,14.52
14,5,Jaxon Smith-Njigba,WR,SEA,1,3,13.65,218.0,93.7,4.61,6.7,7.0,-7.0,-5.833,0.0062,-9.4,new_play_caller,1,14.8
15,6,Nico Collins,WR,HOU,2,4,13.44,215.0,90.8,16.0,21.67,20.0,5.0,2.083,1.0,-12.38,injury_prone,1,14.56
16,10,Kenneth Walker III,RB,KC,3,8,13.17,209.3,89.1,24.95,18.1,16.0,0.0,0.0,0.9522,-24.59,injury_prone|qb_uncertain_team,1,14.52
17,11,Omarion Hampton,RB,LAC,3,8,13.06,207.6,87.4,25.4,18.63,17.0,0.0,0.0,0.9561,-26.27,new_play_caller,1,12.95
18,7,Drake London,WR,ATL,2,5,12.84,206.2,81.9,13.17,18.7,,,,1.0,-21.26,new_play_caller|qb_uncertain_team,1,14.8
19,12,Kyren Williams,RB,LA,4,9,13.00,201.4,81.3,42.04,26.23,23.0,5.0,1.429,0.9999,-32.45,"",1,13.7
20,8,George Pickens,WR,DAL,2,5,12.99,204.9,80.6,20.43,22.33,21.0,2.0,0.741,1.0,-22.53,injury_prone,2,14.2
21,9,Justin Jefferson,WR,MIN,1,5,12.74,204.6,80.3,9.17,12.9,12.0,-8.0,-3.077,0.7791,-22.79,"",1,14.76
22,13,Javonte Williams,RB,DAL,4,10,12.66,196.8,76.6,43.43,31.67,,,,1.0,-37.14,"",1,13.7
23,14,Ashton Jeanty,RB,LV,3,10,12.66,196.8,76.6,28.95,18.87,18.0,-3.0,-0.833,0.9869,-37.14,new_play_caller|qb_uncertain_team,1,13.7
24,10,A.J. Brown,WR,NE,2,6,12.14,195.7,71.5,13.73,20.3,19.0,-3.0,-1.154,0.9997,-31.68,injury_prone,1,14.8
25,1,Josh Allen,QB,BUF,1,1,23.54,390.9,68.8,25.77,23.87,22.0,-1.0,-0.128,0.938,1.59,"",1,15.0
26,15,Bucky Irving,RB,TB,5,11,12.09,188.9,68.7,56.3,49.33,41.0,17.0,3.269,1.0,-44.97,injury_prone|new_play_caller|value,1,13.64
27,11,Rashee Rice,WR,KC,3,7,12.04,191.4,67.1,27.1,27.57,24.0,-1.0,-0.5,1.0,-36.03,injury_prone|qb_uncertain_team,1,13.02
28,12,Malik Nabers,WR,NYG,2,7,12.04,191.4,67.1,24.25,28.3,26.0,0.0,0.0,1.0,-36.04,injury_prone|structural_injury_return|new_play_caller,1,12.82
29,13,Emeka Egbuka,WR,TB,3,7,12.00,190.9,66.6,40.74,41.07,37.0,10.0,2.703,1.0,-36.57,new_play_caller|value,1,14.2
30,16,Breece Hall,RB,NYJ,4,12,11.89,186.3,66.1,39.52,32.43,31.0,3.0,0.75,1.0,-47.63,new_play_caller,1,13.7
31,1,Trey McBride,TE,ARI,1,1,11.79,188.8,64.3,18.5,31.07,29.0,0.0,0.0,0.9864,0.03,new_play_caller,1,14.4
32,17,D'Andre Swift,RB,CHI,5,12,11.71,183.7,63.5,52.39,44.57,40.0,10.0,1.923,1.0,-50.21,injury_prone,1,13.7
33,14,Zay Flowers,WR,BAL,3,8,11.77,187.6,63.3,29.64,32.73,32.0,1.0,0.4,1.0,-39.81,new_play_caller,1,14.2
34,15,Chris Olave,WR,NO,2,8,11.72,186.9,62.6,17.37,28.13,25.0,-7.0,-2.414,1.0,-40.53,injury_prone,1,13.95
35,2,Brock Bowers,TE,LV,1,1,11.65,186.8,62.3,21.2,28.37,27.0,-6.0,-0.714,0.9785,-1.98,new_play_caller|qb_uncertain_team,1,14.4
36,18,David Montgomery,RB,HOU,6,13,11.66,180.8,60.6,60.31,50.83,44.0,10.0,2.041,1.0,-53.12,sleeper,1,13.2
37,16,Tee Higgins,WR,CIN,3,8,11.58,184.8,60.5,36.7,35.6,33.0,-2.0,-0.541,1.0,-42.59,injury_prone,2,13.85
38,19,Jeremiyah Love,RB,ARI,4,13,11.44,180.1,59.9,40.1,28.7,28.0,-8.0,-2.667,1.0,-53.81,rookie|new_play_caller,1,13.7
39,17,Ladd McConkey,WR,LAC,3,8,11.50,183.7,59.4,33.83,40.1,35.0,-2.0,-0.465,1.0,-43.73,new_play_caller,1,14.2
40,18,DeVonta Smith,WR,PHI,2,8,11.34,181.5,57.2,22.72,31.1,30.0,-8.0,-2.424,1.0,-45.93,injury_prone|new_play_caller|positional_reach,1,14.2
41,20,Quinshon Judkins,RB,CLE,6,14,11.06,172.9,52.7,60.62,51.23,45.0,6.0,1.111,1.0,-61.03,new_play_caller|sleeper,1,13.2
42,19,Jaylen Waddle,WR,DEN,3,9,10.98,176.4,52.1,33.99,43.1,39.0,-1.0,-0.2,1.0,-51.05,new_play_caller|qb_uncertain_team,1,14.2
43,21,Cam Skattebo,RB,NYG,5,14,10.77,170.9,50.7,57.0,39.3,,,,1.0,-63.03,new_play_caller,1,12.02
44,20,Brian Thomas Jr.,WR,JAX,6,9,11.01,174.9,50.6,81.16,76.7,68.0,27.0,4.03,1.0,-52.53,sleeper,1,13.7
45,21,Rome Odunze,WR,CHI,4,9,10.94,174.0,49.7,58.87,59.6,52.0,10.0,1.538,1.0,-53.39,value,1,13.7
46,22,Tetairoa McMillan,WR,CAR,3,9,10.68,172.2,47.9,35.88,36.5,34.0,-9.0,-2.308,1.0,-55.24,new_play_caller,1,14.2
47,23,Garrett Wilson,WR,NYJ,3,9,10.54,170.2,45.9,30.28,40.93,36.0,-8.0,-2.667,1.0,-57.27,new_play_caller,1,14.04
48,22,Travis Etienne,RB,NO,4,15,10.37,165.4,45.2,45.04,39.67,,,,1.0,-68.51,"",1,13.7
49,24,Jameson Williams,WR,DET,4,9,10.59,169.2,44.9,52.92,53.83,49.0,4.0,1.0,1.0,-58.23,new_play_caller,2,13.7
50,25,Mike Evans,WR,SF,4,9,10.51,168.1,43.8,59.7,62.5,55.0,9.0,1.579,1.0,-59.31,injury_prone|sleeper,1,13.49
51,23,Jaylen Warren,RB,PIT,7,15,10.37,163.8,43.6,74.43,68.83,59.0,12.0,2.069,1.0,-70.12,new_play_caller|value,1,13.2
52,2,Joe Burrow,QB,CIN,1,2,21.82,365.3,43.1,44.89,52.67,47.0,-1.0,-0.147,1.0,-24.09,injury_prone,1,14.02
53,26,DK Metcalf,WR,PIT,6,10,10.21,164.0,39.7,79.37,75.7,67.0,18.0,2.535,1.0,-63.41,new_play_caller|value,1,13.7
54,27,Davante Adams,WR,LA,4,10,10.06,163.3,39.0,50.83,50.1,42.0,-8.0,-2.222,1.0,-64.13,injury_prone|bust,2,14.2
55,28,Christian Watson,WR,GB,4,10,10.16,163.3,39.0,55.73,62.17,53.0,2.0,0.357,1.0,-64.15,injury_prone,1,12.91
56,3,Colston Loveland,TE,CHI,1,2,10.02,163.3,38.8,36.28,47.0,,,,1.0,-25.45,"",1,14.4
57,3,Dak Prescott,QB,DAL,3,2,21.61,360.7,38.6,77.92,75.0,65.0,13.0,2.0,1.0,-28.64,value,1,14.35
58,29,Parker Washington,WR,JAX,4,11,9.98,160.8,36.5,58.52,70.07,60.0,7.0,1.0,1.0,-66.61,injury_prone|sleeper,2,12.91
59,30,Terry McLaurin,WR,WAS,4,11,9.85,160.4,36.1,47.68,51.27,46.0,-8.0,-1.702,1.0,-67.04,new_play_caller,1,14.2
60,24,Jadarian Price,RB,SEA,7,16,9.68,154.6,34.5,67.49,62.17,54.0,-1.0,-0.095,1.0,-79.26,rookie|new_play_caller,1,13.2
61,31,Luther Burden III,WR,CHI,4,11,9.81,158.5,34.2,46.7,57.13,,,,1.0,-68.97,"",2,13.7
62,25,Rhamondre Stevenson,RB,NE,7,16,9.64,154.1,34.0,74.02,70.23,61.0,5.0,1.0,1.0,-79.76,"",1,13.2
63,4,Tyler Warren,TE,IND,2,3,9.74,157.8,33.3,53.36,55.53,,,,1.0,-30.92,qb_uncertain_team,1,13.8
64,26,Bhayshul Tuten,RB,JAX,7,16,9.47,151.9,31.7,65.97,57.47,51.0,-6.0,-0.984,1.0,-82.03,"",1,13.2
65,27,J.K. Dobbins,RB,DEN,9,16,9.42,151.3,31.1,102.38,86.6,78.0,20.0,2.326,1.0,-82.63,injury_prone|new_play_caller|qb_uncertain_team,1,11.67
66,32,Marvin Harrison Jr.,WR,ARI,5,12,9.56,155.1,30.8,69.24,72.3,62.0,3.0,0.417,1.0,-72.3,new_play_caller,1,13.7
67,5,Sam LaPorta,TE,DET,2,4,9.56,155.3,30.8,86.19,78.73,70.0,10.0,0.49,0.9984,-33.43,new_play_caller,1,13.8
68,4,Lamar Jackson,QB,BAL,1,3,20.95,352.2,30.1,31.84,42.93,38.0,-23.0,-2.987,0.9999,-37.15,new_play_caller,1,15.0
69,5,Drake Maye,QB,NE,1,3,20.94,352.0,29.9,37.1,50.53,43.0,-19.0,-2.468,1.0,-37.3,"",1,15.0
70,6,Brock Purdy,QB,SF,4,3,20.99,351.7,29.5,96.42,104.0,95.0,32.0,2.424,1.0,-37.69,injury_prone|value,1,14.16
71,28,Chuba Hubbard,RB,CAR,9,17,9.19,148.2,28.0,99.84,86.1,77.0,13.0,1.262,1.0,-85.72,new_play_caller|sleeper,1,13.2
72,29,TreVeyon Henderson,RB,NE,7,17,9.15,147.6,27.4,70.95,63.03,56.0,-9.0,-1.525,1.0,-86.26,"",2,13.2
73,33,Alec Pierce,WR,IND,7,13,9.23,150.5,26.2,100.28,83.87,74.0,8.0,1.176,1.0,-76.92,qb_uncertain_team,1,13.7
74,34,Jayden Reed,WR,GB,7,13,9.22,150.5,26.2,103.17,101.33,88.0,21.0,2.763,1.0,-76.94,injury_prone,2,13.4
75,35,DJ Moore,WR,BUF,4,13,9.16,149.6,25.3,52.35,52.93,48.0,-20.0,-3.279,1.0,-77.85,"",1,13.7
76,36,Courtland Sutton,WR,DEN,6,13,9.01,147.6,23.3,86.25,83.3,73.0,4.0,0.645,1.0,-79.82,new_play_caller|qb_uncertain_team,2,13.7
77,30,Tony Pollard,RB,TEN,8,18,8.80,143.0,22.8,84.99,77.4,69.0,-1.0,-0.208,1.0,-90.91,new_play_caller,1,13.2
78,31,Kyle Monangai,RB,CHI,11,18,8.79,142.9,22.7,120.02,105.0,98.0,27.0,2.389,1.0,-91.02,"",2,13.2
79,7,Trevor Lawrence,QB,JAX,3,4,20.39,343.1,21.0,76.37,91.53,82.0,10.0,0.676,1.0,-46.26,"",1,14.45
80,37,Chris Godwin Jr.,WR,TB,5,14,8.78,144.4,20.1,74.37,87.87,80.0,7.0,0.854,1.0,-83.04,injury_prone|new_play_caller,2,12.91
81,8,Jalen Hurts,QB,PHI,2,4,20.32,342.0,19.9,57.19,66.27,57.0,-17.0,-1.339,0.9999,-47.35,new_play_caller|positional_reach,1,14.5
82,38,Jakobi Meyers,WR,JAX,8,14,8.75,144.0,19.7,107.87,117.63,115.0,40.0,4.819,1.0,-83.42,sleeper,3,13.7
83,6,Harold Fannin Jr.,TE,CLE,2,5,8.72,143.8,19.3,76.23,74.4,64.0,-12.0,-1.875,1.0,-44.98,new_play_caller|positional_reach,1,13.8
84,39,Carnell Tate,WR,TEN,5,14,8.72,143.5,19.3,68.19,75.27,66.0,-11.0,-1.594,1.0,-83.88,rookie|new_play_caller,1,13.7
85,40,Jordan Addison,WR,MIN,8,14,8.68,143.1,18.8,107.99,102.5,93.0,15.0,1.648,1.0,-84.37,"",2,13.7
86,9,Patrick Mahomes,QB,KC,4,4,20.23,340.6,18.5,103.11,108.63,103.0,24.0,1.805,1.0,-48.7,qb_uncertain_team|value,1,14.5
87,10,Matthew Stafford,QB,LA,4,4,20.21,340.4,18.3,105.93,93.83,83.0,3.0,0.291,1.0,-48.9,"",1,14.5
88,7,George Kittle,TE,SF,3,5,8.64,142.7,18.1,97.7,85.53,76.0,-5.0,-0.391,1.0,-46.1,injury_prone,1,13.8
89,11,Justin Herbert,QB,LAC,3,4,20.13,339.3,17.2,71.81,84.57,75.0,-7.0,-0.479,1.0,-50.05,new_play_caller,1,14.5
90,12,Bo Nix,QB,DEN,4,4,20.12,339.1,17.0,98.53,110.2,105.0,22.0,1.429,1.0,-50.28,new_play_caller|qb_uncertain_team|sleeper,1,14.5
91,41,Quentin Johnston,WR,LAC,7,14,8.54,141.1,16.9,93.76,98.83,85.0,1.0,0.118,1.0,-86.29,new_play_caller,2,13.7
92,8,Travis Kelce,TE,KC,3,5,8.55,141.4,16.9,98.18,107.53,101.0,16.0,0.947,1.0,-47.4,qb_uncertain_team,1,13.8
93,32,MarShawn Lloyd,RB,GB,10,19,8.35,137.0,16.8,106.21,101.97,89.0,3.0,0.12,0.9992,-96.88,injury_prone,1,13.2
94,42,Josh Downs,WR,IND,6,14,8.50,140.6,16.3,88.0,104.97,97.0,10.0,0.917,1.0,-86.79,qb_uncertain_team,2,13.7
95,13,Jared Goff,QB,DET,4,4,20.06,338.2,16.1,105.55,119.37,118.0,30.0,2.521,1.0,-51.13,new_play_caller,1,14.5
96,14,Caleb Williams,QB,CHI,2,4,20.03,337.9,15.7,65.14,76.53,,,,1.0,-51.48,"",1,14.5
97,43,Michael Wilson,WR,ARI,6,14,8.44,139.8,15.5,88.1,87.7,79.0,-10.0,-1.471,1.0,-87.62,new_play_caller,2,13.7
98,44,Michael Pittman,WR,PIT,6,14,8.30,137.8,13.5,81.63,102.2,92.0,2.0,0.244,1.0,-89.6,new_play_caller,2,13.7
99,9,Kyle Pitts,TE,ATL,2,6,8.29,137.8,13.3,78.83,79.47,71.0,-20.0,-1.242,0.9999,-50.93,new_play_caller|qb_uncertain_team,1,13.8
100,33,Rico Dowdle,RB,PIT,8,20,8.04,132.9,12.8,87.26,81.5,72.0,-20.0,-2.273,1.0,-100.96,new_play_caller,2,13.2
101,45,Xavier Worthy,WR,KC,10,14,8.15,135.8,11.5,129.83,118.63,117.0,24.0,2.424,1.0,-91.64,qb_uncertain_team|sleeper,2,13.7
102,34,Jordan Mason,RB,MIN,10,20,7.90,131.1,11.0,113.61,105.4,99.0,5.0,0.331,1.0,-102.75,injury_prone,2,12.95
103,35,Jonathon Brooks,RB,CAR,8,20,7.87,130.8,10.6,88.71,89.43,81.0,-14.0,-1.346,1.0,-103.11,new_play_caller,2,13.2
104,10,Tucker Kraft,TE,GB,2,7,8.07,134.9,10.4,78.75,73.23,63.0,-33.0,-1.875,0.9987,-53.9,injury_prone|structural_injury_return|bust,1,13.17
105,11,Jake Ferguson,TE,DAL,4,7,8.06,134.7,10.2,119.93,126.87,124.0,27.0,1.311,1.0,-54.05,sleeper,1,13.8
106,46,Khalil Shakir,WR,BUF,9,14,8.03,134.2,9.9,122.63,130.1,127.0,29.0,3.537,1.0,-93.25,"",2,13.7
107,36,Jacory Croskey-Merritt,RB,WAS,10,20,7.80,129.8,9.6,114.54,102.13,91.0,-8.0,-0.65,1.0,-104.11,new_play_caller,1,13.2
108,12,Mark Andrews,TE,BAL,4,7,7.97,133.4,8.9,133.61,124.17,121.0,21.0,1.265,1.0,-55.39,new_play_caller|sleeper,1,13.8
109,15,Jayden Daniels,QB,WAS,2,5,19.52,330.4,8.2,56.6,66.57,58.0,-43.0,-3.675,1.0,-58.99,injury_prone|new_play_caller|bust,1,13.76
110,13,Brenton Strange,TE,JAX,5,7,7.91,132.6,8.0,160.94,151.73,166.0,64.0,2.689,1.0,-56.2,injury_prone|sleeper,1,12.78
111,47,Deebo Samuel Sr.,WR,SF,11,14,7.88,132.1,7.8,140.72,123.47,120.0,17.0,2.237,1.0,-95.33,sleeper,2,13.7
112,37,Aaron Jones,RB,MIN,10,20,7.65,127.8,7.6,117.76,115.8,109.0,5.0,0.365,1.0,-106.09,injury_prone,1,13.2
113,38,Chris Rodriguez Jr.,RB,JAX,11,20,7.62,127.4,7.2,141.1,137.67,137.0,32.0,1.951,1.0,-106.49,injury_prone|sleeper,2,12.27
114,39,RJ Harvey,RB,DEN,9,20,7.55,126.6,6.4,94.71,100.1,87.0,-19.0,-1.52,1.0,-107.33,new_play_caller|qb_uncertain_team|bust,2,13.2
115,48,Romeo Doubs,WR,NE,9,14,7.75,130.3,6.0,126.88,120.63,119.0,12.0,1.008,1.0,-97.15,sleeper,2,13.7
116,49,Makai Lemon,WR,PHI,8,14,7.75,130.2,5.9,108.06,111.67,107.0,-1.0,-0.081,1.0,-97.19,rookie|new_play_caller,3,13.7
117,50,KC Concepcion,WR,CLE,8,14,7.58,127.9,3.7,108.19,116.07,111.0,2.0,0.225,1.0,-99.48,rookie|new_play_caller,2,13.7
118,51,Wan'Dale Robinson,WR,TEN,6,14,7.54,127.5,3.2,85.64,115.83,110.0,0.0,0.0,1.0,-99.95,new_play_caller,2,13.7
119,52,Jordyn Tyson,WR,NO,11,14,7.56,127.0,2.7,138.63,124.97,122.0,11.0,0.705,1.0,-100.45,rookie,5,11.0
120,40,Kenny Gainwell,RB,TB,9,21,7.26,122.7,2.5,98.34,109.3,104.0,-8.0,-0.667,1.0,-111.21,new_play_caller,2,13.2
121,41,Zach Charbonnet,RB,SEA,11,21,7.34,122.6,2.4,156.22,137.77,138.0,25.0,1.289,1.0,-111.3,new_play_caller,4,9.0
122,14,Dalton Kincaid,TE,BUF,4,8,7.49,126.8,2.3,111.01,110.97,106.0,-8.0,-0.421,1.0,-61.92,"",1,13.76
123,53,Jalen Coker,WR,CAR,9,14,7.46,126.4,2.1,124.94,131.13,128.0,13.0,1.831,1.0,-101.07,injury_prone|new_play_caller,2,13.22
124,15,Hunter Henry,TE,NE,5,8,7.35,124.8,0.3,167.1,146.03,149.0,33.0,1.941,1.0,-63.93,sleeper,1,13.8
125,1,Cairo Santos,K,CHI,2,1,0.00,0.0,0.0,218.57,329.03,260.0,143.0,7.606,1.0,0.0,"",,
126,2,Jason Myers,K,SEA,1,1,0.00,0.0,0.0,200.45,133.1,132.0,14.0,0.593,1.0,0.0,new_play_caller,,
127,3,Wil Lutz,K,DEN,5,1,0.00,0.0,0.0,265.87,323.8,255.0,136.0,8.193,1.0,0.0,new_play_caller|qb_uncertain_team,,
128,4,Ka'imi Fairbairn,K,HOU,1,1,0.00,0.0,0.0,192.36,132.4,131.0,11.0,0.426,1.0,0.0,"",,
129,5,Harrison Butker,K,KC,4,1,0.00,0.0,0.0,243.9,156.23,172.0,51.0,2.602,1.0,0.0,qb_uncertain_team,,
130,6,Chad Ryland,K,ARI,5,1,0.00,0.0,0.0,296.33,653.7,390.0,268.0,3.838,1.0,0.0,new_play_caller,,
131,7,Eddy Pineiro,K,SF,2,1,0.00,0.0,0.0,209.07,161.9,182.0,59.0,3.315,1.0,0.0,"",,
132,16,Baker Mayfield,QB,TB,5,6,18.95,322.1,0.0,118.46,139.1,140.0,16.0,1.441,1.0,-67.23,new_play_caller,1,14.5
133,8,Matt Gay,K,LV,,1,0.00,0.0,0.0,,670.4,447.0,322.0,4.498,1.0,0.0,new_play_caller|qb_uncertain_team,,
134,9,Chase McLaughlin,K,TB,3,1,0.00,0.0,0.0,228.08,168.97,193.0,67.0,3.918,1.0,0.0,new_play_caller,,
135,10,Jake Elliott,K,PHI,5,1,0.00,0.0,0.0,303.27,410.75,273.0,146.0,3.301,1.0,0.0,new_play_caller,,
136,11,Zane Gonzalez,K,FA,5,1,0.00,0.0,0.0,290.18,404.6,272.0,144.0,3.304,1.0,0.0,"",,
137,12,Tyler Bass,K,BUF,5,1,0.00,0.0,0.0,275.3,326.47,259.0,130.0,7.143,1.0,0.0,"",,
138,13,Jason Sanders,K,NYJ,5,1,0.00,0.0,0.0,362.25,582.2,316.0,186.0,2.986,1.0,0.0,new_play_caller,,
139,14,Joey Slye,K,TEN,5,1,0.00,0.0,0.0,295.14,631.1,348.0,217.0,3.218,1.0,0.0,new_play_caller,,
140,15,Riley Patterson,K,MIA,,1,0.00,0.0,0.0,,664.4,424.0,292.0,4.116,1.0,0.0,new_play_caller,,
141,16,Evan McPherson,K,CIN,2,1,0.00,0.0,0.0,217.15,154.53,170.0,37.0,2.229,1.0,0.0,"",,
142,17,Brandon Aubrey,K,DAL,1,1,0.00,0.0,0.0,185.55,118.3,116.0,-18.0,-0.793,1.0,0.0,"",,
143,18,Andre Szmyt,K,CLE,,1,0.00,0.0,0.0,,667.9,437.0,302.0,4.235,1.0,0.0,new_play_caller,,
144,19,Jake Moody,K,BAL,,1,0.00,0.0,0.0,,689.8,533.0,397.0,5.392,1.0,0.0,new_play_caller,,
145,20,Cameron Dicker,K,LAC,1,1,0.00,0.0,0.0,194.55,134.13,136.0,-1.0,-0.048,1.0,0.0,new_play_caller,,
146,21,Jake Bates,K,DET,2,1,0.00,0.0,0.0,220.72,146.77,152.0,14.0,0.833,1.0,0.0,new_play_caller,,
147,22,Charlie Smyth,K,NO,5,1,0.00,0.0,0.0,284.75,686.7,523.0,384.0,5.239,1.0,0.0,"",,
148,23,Will Reichard,K,MIN,4,1,0.00,0.0,0.0,251.58,155.6,171.0,31.0,1.792,1.0,0.0,"",,
149,24,Cam Little,K,JAX,1,1,0.00,0.0,0.0,198.39,142.03,142.0,1.0,0.047,1.0,0.0,"",,
150,25,Harrison Mevis,K,LA,3,1,0.00,0.0,0.0,229.98,144.87,145.0,3.0,0.204,1.0,0.0,"",,
151,16,Isaiah Likely,TE,NYG,4,8,7.32,124.5,0.0,118.57,117.57,114.0,-29.0,-1.45,1.0,-64.25,injury_prone|new_play_caller|positional_reach,1,13.56
152,26,Ben Sauls,K,NYG,5,1,0.00,0.0,0.0,290.4,501.5,294.0,150.0,2.789,1.0,0.0,new_play_caller,,
153,27,Trey Smack,K,GB,5,1,0.00,0.0,0.0,269.91,161.73,181.0,36.0,1.895,1.0,0.0,rookie,,
154,54,Brandon Aiyuk,WR,SF,13,14,7.31,124.3,0.0,279.1,267.4,253.0,107.0,3.673,1.0,-103.14,"",8,0.0
155,42,Blake Corum,RB,LA,10,21,7.07,120.2,0.0,109.75,103.27,94.0,-53.0,-3.581,1.0,-113.71,"",2,13.2
156,28,Tyler Loop,K,BAL,2,1,0.00,0.0,0.0,212.52,161.3,180.0,32.0,1.455,1.0,0.0,new_play_caller,,
157,29,Andy Borregales,K,NE,2,1,0.00,0.0,0.0,223.71,186.07,213.0,64.0,2.424,1.0,0.0,"",,
158,30,Ryan Fitzgerald,K,CAR,5,1,0.00,0.0,0.0,282.57,659.9,410.0,260.0,3.689,1.0,0.0,new_play_caller,,
159,31,Dominic Zvada,K,NYG,,1,0.00,0.0,0.0,,678.0,478.0,327.0,4.518,1.0,0.0,rookie|new_play_caller,,
160,32,Drew Stevens,K,WAS,5,1,0.00,0.0,0.0,304.0,653.3,389.0,237.0,3.396,1.0,0.0,rookie|new_play_caller,,
161,1,Houston Texans,DEF,HOU,1,1,0.00,0.0,0.0,153.67,98.97,86.0,-67.0,-6.569,1.0,0.0,"",,
162,2,Denver Broncos,DEF,DEN,1,1,0.00,0.0,0.0,164.44,105.53,100.0,-54.0,-5.745,1.0,0.0,new_play_caller|qb_uncertain_team,,
163,3,Seattle Seahawks,DEF,SEA,1,1,0.00,0.0,0.0,167.18,101.97,90.0,-65.0,-8.442,1.0,0.0,new_play_caller,,
164,4,Los Angeles Rams,DEF,LA,1,1,0.00,0.0,0.0,164.96,95.3,84.0,-72.0,-7.66,1.0,0.0,"",,
165,5,Philadelphia Eagles,DEF,PHI,1,1,0.00,0.0,0.0,175.18,127.7,125.0,-32.0,-1.975,1.0,0.0,new_play_caller,,
166,6,Minnesota Vikings,DEF,MIN,2,1,0.00,0.0,0.0,186.53,133.53,133.0,-25.0,-2.525,1.0,0.0,"",,
167,7,Pittsburgh Steelers,DEF,PIT,2,1,0.00,0.0,0.0,186.75,148.0,156.0,-3.0,-0.173,1.0,0.0,new_play_caller,,
168,8,New England Patriots,DEF,NE,2,1,0.00,0.0,0.0,187.17,129.23,126.0,-34.0,-3.063,1.0,0.0,"",,
169,9,Jacksonville Jaguars,DEF,JAX,2,1,0.00,0.0,0.0,188.99,151.73,167.0,6.0,0.403,1.0,0.0,"",,
170,10,Los Angeles Chargers,DEF,LAC,2,1,0.00,0.0,0.0,191.65,145.3,146.0,-16.0,-1.185,1.0,0.0,new_play_caller,,
171,11,Baltimore Ravens,DEF,BAL,2,1,0.00,0.0,0.0,196.77,145.87,148.0,-15.0,-0.746,1.0,0.0,new_play_caller,,
172,12,Green Bay Packers,DEF,GB,3,1,0.00,0.0,0.0,207.26,171.6,198.0,34.0,1.786,1.0,0.0,"",,
173,13,Kansas City Chiefs,DEF,KC,3,1,0.00,0.0,0.0,209.61,176.4,204.0,39.0,1.996,1.0,0.0,qb_uncertain_team,,
174,14,Cleveland Browns,DEF,CLE,4,1,0.00,0.0,0.0,220.74,325.7,257.0,91.0,6.408,1.0,0.0,new_play_caller,,
175,15,Detroit Lions,DEF,DET,4,1,0.00,0.0,0.0,220.28,146.73,151.0,-16.0,-2.192,1.0,0.0,new_play_caller,,
176,16,Washington Commanders,DEF,WAS,5,1,0.00,0.0,0.0,276.5,677.8,475.0,307.0,4.243,1.0,0.0,new_play_caller,,
177,17,Buffalo Bills,DEF,BUF,4,1,0.00,0.0,0.0,227.03,325.9,258.0,89.0,5.597,1.0,0.0,"",,
178,33,Brandon McManus,K,FA,5,1,0.00,0.0,0.0,290.2,673.6,458.0,288.0,4.005,1.0,0.0,"",,
179,18,Tennessee Titans,DEF,TEN,5,1,0.00,0.0,0.0,235.78,434.3,281.0,110.0,7.006,1.0,0.0,new_play_caller,,
180,19,Dolphins,DEF,MIA,5,1,0.00,0.0,0.0,329.71,685.0,510.0,338.0,4.623,1.0,0.0,new_play_caller,,
181,20,Dallas Cowboys,DEF,DAL,5,1,0.00,0.0,0.0,247.62,166.5,190.0,17.0,0.919,1.0,0.0,"",,
182,21,New York Giants,DEF,NYG,5,1,0.00,0.0,0.0,271.9,330.27,262.0,88.0,3.346,1.0,0.0,new_play_caller,,
183,22,Las Vegas Raiders,DEF,LV,5,1,0.00,0.0,0.0,281.5,686.9,525.0,350.0,4.774,1.0,0.0,new_play_caller|qb_uncertain_team,,
184,23,San Francisco 49ers,DEF,SF,5,1,0.00,0.0,0.0,264.07,170.6,196.0,20.0,1.056,1.0,0.0,"",,
185,24,New York Jets,DEF,NYJ,5,1,0.00,0.0,0.0,319.2,690.0,538.0,361.0,4.902,1.0,0.0,new_play_caller,,
186,25,New Orleans Saints,DEF,NO,5,1,0.00,0.0,0.0,261.57,440.2,282.0,104.0,5.445,1.0,0.0,"",,
187,26,Chicago Bears,DEF,CHI,5,1,0.00,0.0,0.0,268.72,171.0,197.0,18.0,0.949,1.0,0.0,"",,
188,27,Cincinnati Bengals,DEF,CIN,5,1,0.00,0.0,0.0,268.0,648.8,378.0,198.0,2.857,1.0,0.0,"",,
189,28,Atlanta Falcons,DEF,ATL,5,1,0.00,0.0,0.0,271.34,430.35,279.0,98.0,7.538,1.0,0.0,new_play_caller|qb_uncertain_team,,
190,29,Tampa Bay Buccaneers,DEF,TB,5,1,0.00,0.0,0.0,303.05,416.95,275.0,93.0,31.0,1.0,0.0,new_play_caller,,
191,30,Indianapolis Colts,DEF,IND,5,1,0.00,0.0,0.0,280.47,698.7,579.0,396.0,5.311,1.0,0.0,qb_uncertain_team,,
192,31,Carolina Panthers,DEF,CAR,5,1,0.00,0.0,0.0,294.18,658.6,407.0,223.0,3.17,1.0,0.0,new_play_caller,,
193,32,Arizona Cardinals,DEF,ARI,5,1,0.00,0.0,0.0,304.0,699.2,585.0,400.0,5.361,1.0,0.0,new_play_caller,,
194,34,Matt Prater,K,BUF,,1,0.00,0.0,0.0,,669.2,444.0,258.0,3.611,1.0,0.0,"",,
195,35,Younghoe Koo,K,NYG,,1,0.00,0.0,0.0,,633.7,355.0,168.0,2.481,1.0,0.0,new_play_caller,,
196,36,Will Ferrin,K,NYJ,,1,0.00,0.0,0.0,,482.0,289.0,101.0,1.952,1.0,0.0,new_play_caller,,
197,37,Tyler Davis,K,,,1,0.00,0.0,0.0,,,,,,1.0,0.0,"",,
198,38,Mike Badgley,K,FA,,1,0.00,0.0,0.0,,317.2,254.0,64.0,1.862,1.0,0.0,"",,
199,39,Graham Gano,K,FA,,1,0.00,0.0,0.0,,347.4,265.0,74.0,1.97,1.0,0.0,"",,
200,40,Nick Folk,K,ATL,5,1,0.00,0.0,0.0,266.63,378.1,268.0,76.0,1.863,1.0,0.0,new_play_caller|qb_uncertain_team,,
201,41,Chris Boswell,K,PIT,4,1,0.00,0.0,0.0,244.39,159.63,178.0,-15.0,-0.962,1.0,0.0,new_play_caller,,
202,42,Cade York,K,NYJ,,1,0.00,0.0,0.0,,489.0,291.0,97.0,1.849,1.0,0.0,new_play_caller,,
203,43,Blake Grupe,K,NYJ,5,1,0.00,0.0,0.0,279.5,689.4,531.0,336.0,4.566,1.0,0.0,new_play_caller,,
204,44,Spencer Shrader,K,IND,5,1,0.00,0.0,0.0,267.56,356.2,267.0,71.0,1.845,1.0,0.0,qb_uncertain_team,,
205,45,Daniel Carlson,K,NO,5,1,0.00,0.0,0.0,266.18,660.0,411.0,214.0,3.036,1.0,0.0,"",,
206,46,Lenny Krieg,K,GB,,1,0.00,0.0,0.0,,521.0,299.0,101.0,1.809,1.0,0.0,"",,
207,17,T.J. Hockenson,TE,MIN,6,8,7.27,123.7,-0.8,188.02,157.3,175.0,-24.0,-0.723,1.0,-65.05,injury_prone,1,13.66
208,55,Matthew Golden,WR,GB,9,14,7.22,123.1,-1.2,124.75,115.2,108.0,-92.0,-9.388,1.0,-104.34,"",3,13.7
209,18,Dalton Schultz,TE,HOU,5,8,7.24,123.3,-1.2,162.07,162.13,183.0,-18.0,-0.619,1.0,-65.48,"",1,13.8
210,43,Tyrone Tracy Jr.,RB,NYG,11,22,6.79,116.5,-3.7,173.85,148.97,160.0,-42.0,-1.944,1.0,-117.4,new_play_caller|positional_reach,2,13.2
211,56,Stefon Diggs,WR,WAS,7,15,6.98,119.8,-4.5,93.69,104.37,96.0,-107.0,-10.0,1.0,-107.62,new_play_caller|bust,2,13.7
212,57,Jerry Jeudy,WR,CLE,13,15,6.96,119.4,-4.9,170.19,168.45,191.0,-13.0,-1.287,1.0,-107.99,new_play_caller,1,13.7
213,19,Dallas Goedert,TE,PHI,4,9,6.94,119.3,-5.2,119.37,116.77,113.0,-92.0,-4.554,1.0,-69.49,injury_prone|new_play_caller|bust,1,13.56
214,58,Jalen Nailor,WR,LV,13,15,6.85,117.9,-6.4,194.41,148.43,159.0,-47.0,-3.672,1.0,-109.52,new_play_caller|qb_uncertain_team,2,13.0
215,20,Juwan Johnson,TE,NO,4,9,6.84,117.8,-6.7,127.67,147.03,154.0,-53.0,-3.029,1.0,-70.93,"",1,13.8
216,17,Jordan Love,QB,GB,5,7,18.46,315.1,-7.0,116.43,144.4,144.0,-64.0,-5.203,1.0,-74.26,"",1,14.5
217,59,Rashid Shaheed,WR,SEA,11,15,6.79,117.2,-7.1,146.98,131.63,129.0,-80.0,-10.256,1.0,-110.24,injury_prone|new_play_caller|positional_reach,2,13.42
218,18,Jaxson Dart,QB,NYG,4,7,18.45,314.9,-7.2,98.35,108.13,102.0,-108.0,-9.0,1.0,-74.46,new_play_caller,1,14.35
219,60,Malik Washington,WR,MIA,13,15,6.69,115.7,-8.5,189.21,163.6,188.0,-23.0,-1.608,1.0,-111.69,new_play_caller,1,13.7
220,44,Josh Jacobs,RB,GB,11,23,6.39,111.3,-8.9,147.99,57.43,50.0,-162.0,-8.308,0.9799,-122.64,injury_prone|bust,4,13.2
221,21,Oronde Gadsden II,TE,LAC,8,10,6.64,115.1,-9.4,224.17,151.1,164.0,-49.0,-2.903,1.0,-73.65,new_play_caller|positional_reach,3,13.8
222,22,Pat Freiermuth,TE,PIT,8,10,6.62,114.8,-9.7,233.5,176.9,206.0,-8.0,-0.408,1.0,-73.94,new_play_caller,1,13.8
223,45,Rachaad White,RB,WAS,10,23,6.21,108.8,-11.4,112.32,126.07,123.0,-92.0,-6.259,1.0,-125.06,new_play_caller,2,13.2
224,61,Tre Tucker,WR,LV,12,16,6.42,112.1,-12.2,159.03,146.4,150.0,-66.0,-6.408,1.0,-115.35,new_play_caller|qb_uncertain_team,1,13.7
225,62,Jalen McMillan,WR,TB,13,16,6.41,111.9,-12.3,175.82,171.85,199.0,-18.0,-1.837,1.0,-115.48,injury_prone|new_play_caller|positional_reach,3,12.17
226,23,Cade Otton,TE,TB,8,11,6.41,111.9,-12.6,239.02,246.0,242.0,24.0,0.893,1.0,-76.85,new_play_caller,1,13.8
227,24,AJ Barner,TE,SEA,7,11,6.33,110.7,-13.8,211.33,168.9,192.0,-27.0,-1.44,1.0,-78.02,new_play_caller,1,13.8
228,46,Tyjae Spears,RB,TEN,11,24,5.99,106.0,-14.2,140.39,145.63,147.0,-73.0,-2.92,1.0,-127.91,new_play_caller,2,13.2
229,25,Chig Okonkwo,TE,WAS,5,11,6.25,109.7,-14.8,163.01,162.73,184.0,-37.0,-1.412,1.0,-79.01,new_play_caller,1,13.8
230,47,Woody Marks,RB,HOU,11,24,5.83,103.8,-16.4,135.81,133.7,134.0,-88.0,-4.783,1.0,-130.1,"",2,13.2
231,26,Greg Dulcich,TE,MIA,7,12,6.07,107.2,-17.3,215.31,186.95,214.0,-9.0,-0.436,1.0,-81.53,new_play_caller,1,11.3
232,63,Denzel Boston,WR,CLE,12,17,6.03,106.8,-17.5,153.85,146.77,153.0,-71.0,-8.452,1.0,-120.67,rookie|new_play_caller,3,13.7
233,64,Omar Cooper Jr.,WR,NYJ,13,17,5.92,105.3,-19.0,181.61,196.7,222.0,-3.0,-0.138,1.0,-122.15,rookie|new_play_caller,3,13.7
234,19,Sam Darnold,QB,SEA,7,8,17.59,302.4,-19.7,138.31,152.6,168.0,-58.0,-4.793,1.0,-86.98,new_play_caller,1,14.5
235,20,Kyler Murray,QB,MIN,5,8,17.55,301.9,-20.3,113.74,131.7,130.0,-97.0,-7.698,1.0,-87.49,injury_prone|positional_reach,1,13.18
236,65,De'Zhaun Stribling,WR,SF,9,17,5.81,103.7,-20.6,121.47,116.2,112.0,-116.0,-8.657,1.0,-123.74,rookie,3,13.7
237,27,Gunnar Helm,TE,TEN,8,13,5.81,103.6,-20.9,220.35,244.1,241.0,12.0,0.45,1.0,-85.11,new_play_caller,1,13.8
238,66,Devaughn Vele,WR,NO,13,17,5.79,103.4,-20.9,245.27,421.55,277.0,47.0,5.529,1.0,-124.04,injury_prone,2,12.91
239,21,C.J. Stroud,QB,HOU,7,8,17.50,301.1,-21.1,143.15,165.97,189.0,-42.0,-3.134,1.0,-88.28,"",1,14.5
240,28,Mike Gesicki,TE,CIN,8,13,5.77,103.0,-21.5,277.84,659.6,409.0,177.0,2.513,1.0,-85.71,"",1,13.8
241,22,Tyler Shough,QB,NO,6,8,17.45,300.4,-21.7,125.2,153.43,169.0,-64.0,-6.154,1.0,-88.94,"",1,13.47
242,48,Keaton Mitchell,RB,LAC,11,25,5.40,98.1,-22.1,152.54,150.9,162.0,-72.0,-4.737,1.0,-135.78,injury_prone|new_play_caller|positional_reach,2,11.38
243,67,Ryan Flournoy,WR,DAL,13,17,5.67,101.8,-22.5,185.74,194.6,219.0,-16.0,-1.039,1.0,-125.62,"",3,12.7
244,49,Mike Washington Jr.,RB,LV,11,25,5.27,96.4,-23.8,152.53,133.9,135.0,-101.0,-4.57,1.0,-137.53,rookie|new_play_caller|qb_uncertain_team,,13.2
245,23,Malik Willis,QB,MIA,6,8,17.26,297.7,-24.5,128.78,159.67,179.0,-58.0,-4.328,1.0,-91.69,new_play_caller,1,11.41
246,68,Rashod Bateman,WR,BAL,13,18,5.47,99.0,-25.2,227.62,420.45,276.0,38.0,2.568,1.0,-128.39,new_play_caller,2,13.7
247,50,James Conner,RB,ARI,11,26,4.97,92.9,-27.2,219.9,175.9,202.0,-37.0,-1.898,1.0,-140.96,injury_prone|new_play_caller|positional_reach,4,12.45
248,51,Alvin Kamara,RB,NO,11,26,4.88,91.2,-29.0,168.28,148.03,157.0,-83.0,-4.97,1.0,-142.68,injury_prone|positional_reach,2,13.2
249,52,Dylan Sampson,RB,CLE,11,26,4.87,91.2,-29.0,148.97,180.5,211.0,-30.0,-1.456,1.0,-142.75,new_play_caller,2,13.2
250,69,Adonai Mitchell,WR,NYJ,12,19,5.18,95.1,-29.2,169.01,190.55,217.0,-25.0,-2.315,1.0,-132.36,new_play_caller,2,13.7
